Question,Option A,Option B,Option C,Option D,Correct Answer
"What is the primary advantage of latent diffusion models over classical diffusion models?","Higher computational cost","Access to an efficient low-dimensional latent space","More training data required","Slower image generation","Access to an efficient low-dimensional latent space"
"What is the purpose of the cross-attention mechanism in latent diffusion models?","To enhance image resolution","To compute the relationships between image features and text embeddings","To reduce noise in the images","To increase the size of the latent space","To compute the relationships between image features and text embeddings"
"What model is used in Stable Diffusion to condition the model on text prompts?","ResNet","GPT-3","CLIP ViT-L/14","BERT","CLIP ViT-L/14"
"What is the primary objective of contrastive learning in the CLIP model?","To increase the image resolution","To generate high-quality text embeddings","To learn embeddings where matching text-image pairs are close together","To reduce the size of the latent space","To learn embeddings where matching text-image pairs are close together"
"What is a significant limitation of CLIP models?","They perform well on out-of-sample images","They struggle with the MNIST handwritten dataset","They require a large amount of computational power","They cannot generate text embeddings","They struggle with the MNIST handwritten dataset"
"What is a key feature of Stable Diffusion compared to other diffusion models?","Uses a recurrent neural network","Uses a latent text-to-image diffusion model","Requires more computational power","Generates lower-quality images","Uses a latent text-to-image diffusion model"
"Which type of conditioning can be used in latent diffusion models?","Only text","Only images","Text, semantic maps, and images","Only semantic maps","Text, semantic maps, and images"
"What type of loss function is used in contrastive learning for CLIP?","Mean squared error","Cross-entropy loss","InfoNCE (Information Noise-Contrastive Estimation)","L1 loss","InfoNCE (Information Noise-Contrastive Estimation)"
"What aspect of diffusion models does the cross-attention mechanism enhance?","Image resolution","Speed of image generation","Semantic relevance of generated images","Computational efficiency","Semantic relevance of generated images"
"Which model architecture is used to generate text embeddings in CLIP?","ResNet","Vision Transformer","BERT","LSTM","BERT"
"What is a key benefit of using latent diffusion models?","Requires more computational power","Focuses on high-frequency details","Computationally more efficient","Generates lower-quality images","Computationally more efficient"
"What is the role of the U-Net in text conditioning for latent diffusion models?","Generates text embeddings","Extracts feature maps from input images","Performs the cross-attention mechanism","Reduces the image resolution","Extracts feature maps from input images"
"What does the term 'zero-shot inference' refer to in the context of CLIP models?","Training the model with zero data","Predicting image descriptions without prior training on specific examples","Generating images from noise","Reducing the size of the latent space","Predicting image descriptions without prior training on specific examples"
"What type of model is Sora, announced by OpenAI?","Text-to-image generation model","Image classification model","Video generation model","Speech recognition model","Video generation model"
"Which dataset is used to train the Stable Diffusion model?","CIFAR-10","MNIST","LAION-5B","ImageNet","LAION-5B"
"What is a significant advantage of latent diffusion models for conditional generation?","Higher computational cost","Lower quality of generated images","Flexibility to condition on various types of data","Inability to handle text data","Flexibility to condition on various types of data"
"Which model uses a frozen CLIP text encoder for conditioning on text prompts?","DALL-E","Imagen","Stable Diffusion","ResNet","Stable Diffusion"
"What is the main feature of cross-attention mapping in latent diffusion models?","Increasing image resolution","Tracing the highest attention for each word in the generated image","Reducing computational cost","Enhancing the training speed","Tracing the highest attention for each word in the generated image"
"What does CLIP stand for?","Contrastive Language-Image Preprocessing","Convolutional Language-Image Processing","Contrastive Language-Image Pretrained","Conditional Language-Image Processing","Contrastive Language-Image Pretrained"
"What is the primary purpose of using a Vision Transformer in CLIP?","Generate text embeddings","Perform image segmentation","Generate image patch encodings with attention layers","Reduce the size of the latent space","Generate image patch encodings with attention layers"
"What type of dataset is used in the training of the Stable Diffusion model?","Image-only dataset","Text-only dataset","Image-text pairs","Audio-text pairs","Image-text pairs"
"What does the term 'latent space' refer to in the context of diffusion models?","The high-frequency details of an image","The semantic representation of data in a lower-dimensional space","The noise added to images during the diffusion process","The output image resolution","The semantic representation of data in a lower-dimensional space"
"What is the role of the attention mechanism in latent diffusion models?","Increase image resolution","Focus on high-frequency image details","Guide the reverse diffusion process","Reduce the computational cost","Guide the reverse diffusion process"
"What is the primary limitation of classical diffusion models mentioned in the lecture?","Inability to generate images","Can only take noise as input","High computational efficiency","Low-quality outputs","Can only take noise as input"
"What is one of the future directions mentioned in the lecture for diffusion models?","Text generation","Speech recognition","Video generation","Audio synthesis","Video generation"